﻿project_code,project_description
ETL_ORCHESTRATION,Orchestration project
INTERFACE,Interface project. Extracts data from the DWH and lands it in the Interface environment.
INTERFACE_ALFRED,Interface extract for ALFRED project
INTERFACE_CASES_CMBS,Interface extract for Cases and CMBS project
INTERFACE_EMF,EMF Interface project
MEDICAL_SERVICES,Medical_Services project
RISKMAN,RiskMan project
SRC_BIRTHING,Source system project for extracting data from Birthing Outcomes.
SRC_CALLBELL,Source system project for extracting data from the Call Bell Databases
SRC_CGOV,CGOV project
SRC_CHRIS21,Source system project for extracting data from the Chris21 HRIS system.
SRC_COSTPRO,Source system project for extracting data from the CostPro data warehouse.
SRC_ENDOBASE,Source system project for extracting data from the Endobase system.
SRC_EXT_PATHOLOGY,Source system project for loading data from Melbourne Pathology.
SRC_INSYNC,INSYNC project
SRC_IPM_REALTIME,Source system project for extracting data from the iPM Patient Management system in near realtime.
SRC_LABOURHOURS,LABOURHOURS project
SRC_MYROSTER,MYROSTER project
SRC_ONEVIEW,Source system project for extracting data from OneView.
SRC_RL6_INFCTL,Source system project for extracting data from the RL6 Infection Control system.
SRC_TECHONE,Source system project for extracting data from Technology One.
